{
  "project_info": {
    "project_number": "1077577176385",
    "firebase_url": "https://bamboo-e0uslo-default-rtdb.firebaseio.com",
    "project_id": "bamboo-e0uslo",
    "storage_bucket": "bamboo-e0uslo.appspot.com"
  },
  "client": [
    {
      "client_info": {
        "mobilesdk_app_id": "1:1077577176385:android:a6ce7a349e885303f13dc0",
        "android_client_info": {
          "package_name": "com.bangkok"
        }
      },
      "oauth_client": [],
      "api_key": [
        {
          "current_key": "AIzaSyBimLKHaxG5hc7a-vDFeSAtQOqxj4v9UbA"
        }
      ],
      "services": {
        "appinvite_service": {
          "other_platform_oauth_client": []
        }
      }
    }
  ],
  "configuration_version": "1"
}